﻿{
  "MaxHitPoints": {
    "lower": 75,
    "upper": 87
  },
  "ChanceToHit": {
    "lower": 100,
    "upper": 250
  },
  "ChanceToDodge": {
    "lower": 200,
    "upper": 300
  },
  "DifficultyToHit": {
    "lower": 1800,
    "upper": 2200
  },
  "CritChance": {
    "lower": 2000,
    "upper": 3000
  },
  "ParryChance": {
    "lower": 250,
    "upper": 450
  },
  "Charisma": {
    "lower": 28,
    "upper": 34
  },
  "Quickness": {
    "lower": 25,
    "upper": 32
  },
  "Level": {
    "lower": 16,
    "upper": 18
  },
  "Power": {
    "lower": 1,
    "upper": 1
  },
  "ArmorMitigation": {
    "lower": 1700,
    "upper": 2200
  },
  "ArmorMitigationAmount": {
    "lower": 5,
    "upper": 7
  },
  "BonusDamage": {
    "lower": 5,
    "upper": 7
  },
  "ChanceOfUsingSpecialAbility": {
    "lower": 2500,
    "upper": 3500
  },
  "LootItemsTemplates": {
    "item_crystal-adorned-elm-staff.json": {
      "ChancesOfDrop": 1250
    },
    "item_white-lined-robes-of-black-velvet.json": {
      "ChancesOfDrop": 1100
    },
    "item_silver-schynbald-and-boots.json": {
      "ChancesOfDrop": 1100
    },
    "item_tapered-spatha.json": {
      "ChancesOfDrop": 1100
    },
    "item_renyas-blushing-lily-ring.json": {
      "ChancesOfDrop": 200
    },
    "item_the-infinite-moon-ring.json": {
      "ChancesOfDrop": 200
    },
    "skill-thirst-for-blood.json": {
      "ChancesOfDrop": 20
    },
    "skill-riposte.json": {
      "ChancesOfDrop": 20
    },
    "skill-mastered-blow.json": {
      "ChancesOfDrop": 20
    }
  },
  "Name": "Minotaur",
  "MonsterSlug": "minotaur",
  "Description": "\"I have been waiting for someone to challenge me in this Labyrinth. Abaddon will reward me well for Aedosian heads,\" he snarls. The minotaur looks pleased to be able to fight.",
  "MonsterItems": [
    "Stone Hammer",
    "Horned Pauldron"
  ],
  "AppearChance": 2000,
  "DieDamage": [
    {
      "Sides": 8
    },
    {
      "Sides": 8
    }
  ],
  "LocationTile": 22,
  "SpecialAbility": {
    "Id": 0,
    "SoundSlug": "horned-charge",
    "Name": "Horned Charge",
    "Description": "Decreases Hero and Monster Parry by 55% for 2 rounds. Decreases Hero and Monster Dodge by 80% for 2 rounds.",
    "CanUseSpecialAbilityMoreThanOnce": false,
    "Affects": [
      {
        "AffectType": "Hero",
        "StatName": "Q5_Parry",
        "FriendlyStatName": "Parry",
        "Description": "FILL THIS IN",
        "AffectAmount": -5500,
        "Duration": 2
      },
      {
        "AffectType": "Monster",
        "StatName": "Q5_Parry",
        "FriendlyStatName": "Parry",
        "Description": "FILL THIS IN",
        "AffectAmount": 5500,
        "Duration": 2
      },
      {
        "AffectType": "Monster",
        "StatName": "Q4_ChanceToDodge",
        "FriendlyStatName": "Chance to Dodge",
        "Description": "FILL THIS IN",
        "AffectAmount": -8000,
        "Duration": 2
      },
      {
        "AffectType": "Hero",
        "StatName": "Q4_ChanceToDodge",
        "FriendlyStatName": "Chance to Dodge",
        "Description": "FILL THIS IN",
        "AffectAmount": -8000,
        "Duration": 2
      }
    ]
  }
}