﻿{
  "MaxHitPoints": {
    "lower": 62,
    "upper": 69
  },
  "ChanceToHit": {
    "lower": 100,
    "upper": 300
  },
  "ChanceToDodge": {
    "lower": 100,
    "upper": 275
  },
  "DifficultyToHit": {
    "lower": 2000,
    "upper": 3300
  },
  "CritChance": {
    "lower": 500,
    "upper": 1200
  },
  "ParryChance": {
    "lower": 550,
    "upper": 750
  },
  "Charisma": {
    "lower": 12,
    "upper": 18
  },
  "Quickness": {
    "lower": 8,
    "upper": 12
  },
  "Level": {
    "lower": 6,
    "upper": 8
  },
  "Power": {
    "lower": 1,
    "upper": 1
  },
  "ArmorMitigation": {
    "lower": 1600,
    "upper": 2200
  },
  "ArmorMitigationAmount": {
    "lower": 4,
    "upper": 5
  },
  "BonusDamage": {
    "lower": 4,
    "upper": 5
  },
  "ChanceOfUsingSpecialAbility": {
    "lower": 1500,
    "upper": 2500
  },
  "LootItemsTemplates": {
    "item_curious-band-of-amber.json": {
      "ChancesOfDrop": 2000
    },
    "item_steel-knee-highs.json": {
      "ChancesOfDrop": 2000
    },
    "item_rigid-flower-loop.json": {
      "ChancesOfDrop": 2000
    },
    "item_greaves-of-miracles.json": {
      "ChancesOfDrop": 200
    },
    "item_the-forests-tian-shang-boots.json": {
      "ChancesOfDrop": 200
    },
    "skill-second-wind.json": {
      "ChancesOfDrop": 10
    },
    "skill-rending-blow.json": {
      "ChancesOfDrop": 10
    },
    "skill-run-like-the-wind.json": {
      "ChancesOfDrop": 10
    },
    "skill-apply-poultice.json": {
      "ChancesOfDrop": 10
    },
    "skill-improvised-trap.json": {
      "ChancesOfDrop": 10
    },
    "skill-pocket-sand.json": {
      "ChancesOfDrop": 10
    },
    "skill-mental-knit.json": {
      "ChancesOfDrop": 10
    },
    "skill-force-shield.json": {
      "ChancesOfDrop": 10
    },
    "skill-magic-missile.json": {
      "ChancesOfDrop": 10
    }
  },
  "Name": "Gross Ogre",
  "MonsterSlug": "gross-ogre",
  "Description": "The ogre has been keeping pace with you for a while. \"AAHH!\" it says as it gets closer to you, which you take to mean \"I got you,\" but you've been able to smell and hear it for quite some time. ",
  "MonsterItems": [
    "Giant Axe",
    "Giant Club"
  ],
  "AppearChance": 10000,
  "DieDamage": [
    {
      "Sides": 12
    }
  ],
  "LocationTile": 9,
  "SpecialAbility": {
    "Id": 13,
    "SoundSlug": "belch-and-bash",
    "Name": "Belch and Bash",
    "Description": "Increases Monster damage by 30% for 1 round. Decreases Player Parry and Dodge by 50% for 3 rounds.",
    "CanUseSpecialAbilityMoreThanOnce": true,
    "Affects": [
      {
        "AffectType": "Hero",
        "StatName": "Q4_ChanceToDodge",
        "FriendlyStatName": "Dodge",
        "Description": "Reduces Dodge by 50% for 3 rounds.",
        "AffectAmount": -5000,
        "Duration": 3
      },
      {
        "AffectType": "Hero",
        "StatName": "Q5_Parry",
        "FriendlyStatName": "Parry",
        "Description": "Reduces Parry by 50% for 3 rounds.",
        "AffectAmount": -5000,
        "Duration": 2
      },
      {
        "AffectType": "Monster",
        "StatName": "Q8_BonusDamage",
        "FriendlyStatName": "Bonus Damage",
        "Description": "The monster will deal 30% bonus damage for 1 round.",
        "AffectAmount": 3000,
        "Duration": 1
      }
    ]
  }
}