﻿{
  "MaxHitPoints": {
    "lower": 39,
    "upper": 43
  },
  "ChanceToHit": {
    "lower": 0,
    "upper": 0
  },
  "ChanceToDodge": {
    "lower": 400,
    "upper": 750
  },
  "DifficultyToHit": {
    "lower": 2200,
    "upper": 2800
  },
  "CritChance": {
    "lower": 800,
    "upper": 900
  },
  "ParryChance": {
    "lower": 100,
    "upper": 300
  },
  "Charisma": {
    "lower": 15,
    "upper": 20
  },
  "Quickness": {
    "lower": 12,
    "upper": 18
  },
  "Level": {
    "lower": 9,
    "upper": 11
  },
  "Power": {
    "lower": 1,
    "upper": 1
  },
  "ArmorMitigation": {
    "lower": 1300,
    "upper": 1900
  },
  "ArmorMitigationAmount": {
    "lower": 4,
    "upper": 4
  },
  "BonusDamage": {
    "lower": 2,
    "upper": 3
  },
  "ChanceOfUsingSpecialAbility": {
    "lower": 2000,
    "upper": 3000
  },
  "LootItemsTemplates": {
    "item_seax.json": {
      "ChancesOfDrop": 1300
    },
    "item_heater-shield.json": {
      "ChancesOfDrop": 1300
    },
    "item_broad-axe.json": {
      "ChancesOfDrop": 1300
    },
    "item_wasting-wise-ring.json": {
      "ChancesOfDrop": 200
    },
    "item_defiant-boots-of-the-third-war.json": {
      "ChancesOfDrop": 100
    },
    "item_hrothgars-sorrow-promise-ring.json": {
      "ChancesOfDrop": 100
    },
    "skill-dexterous-hands.json": {
      "ChancesOfDrop": 20
    },
    "skill-sly-evasion.json": {
      "ChancesOfDrop": 20
    },
    "skill-insidious-distraction.json": {
      "ChancesOfDrop": 20
    }
  },
  "Name": "Basilisk",
  "MonsterSlug": "basilisk",
  "Description": "Its eyes strike you primally--you sense a profound danger if you were to look at them too long.",
  "MonsterItems": [
    "Dangerous Eyes",
    "Resistant Skin"
  ],
  "AppearChance": 1500,
  "DieDamage": [
    {
      "Sides": 10
    }
  ],
  "LocationTile": 31,
  "SpecialAbility": {
    "Id": 0,
    "SoundSlug": "stone-gaze",
    "Name": "Stone Gaze",
    "Description": "Reduces Hero Armor Mitigation Chance by 50%, Dodge by 40%, and Parry by 30% for 3, 2, and 1 rounds respectively.",
    "CanUseSpecialAbilityMoreThanOnce": false,
    "Affects": [
      {
        "AffectType": "Hero",
        "StatName": "Q8_ArmorMitigation",
        "FriendlyStatName": "Armor Mitigation Chance",
        "Description": "FILL THIS IN",
        "AffectAmount": -5000,
        "Duration": 3
      },
      {
        "AffectType": "Hero",
        "StatName": "Q4_ChanceToDodge",
        "FriendlyStatName": "Chance to Dodge",
        "Description": "FILL THIS IN",
        "AffectAmount": -4000,
        "Duration": 2
      },
      {
        "AffectType": "Hero",
        "StatName": "Q5_Parry",
        "FriendlyStatName": "Parry",
        "Description": "FILL THIS IN",
        "AffectAmount": -3000,
        "Duration": 1
      }
    ]
  }
}