﻿{
  "MaxHitPoints": {
    "lower": 18,
    "upper": 21
  },
  "ChanceToHit": {
    "lower": 0,
    "upper": 0
  },
  "ChanceToDodge": {
    "lower": 300,
    "upper": 500
  },
  "DifficultyToHit": {
    "lower": 1500,
    "upper": 3000
  },
  "CritChance": {
    "lower": 400,
    "upper": 700
  },
  "ParryChance": {
    "lower": 500,
    "upper": 800
  },
  "Charisma": {
    "lower": 10,
    "upper": 15
  },
  "Quickness": {
    "lower": 4,
    "upper": 9
  },
  "Level": {
    "lower": 2,
    "upper": 3
  },
  "Power": {
    "lower": 1,
    "upper": 1
  },
  "ArmorMitigation": {
    "lower": 1000,
    "upper": 1500
  },
  "ArmorMitigationAmount": {
    "lower": 1,
    "upper": 1
  },
  "BonusDamage": {
    "lower": 1,
    "upper": 2
  },
  "ChanceOfUsingSpecialAbility": {
    "lower": 1000,
    "upper": 2000
  },
  "LootItemsTemplates": {
    "item_yew-crossbow.json": {
      "ChancesOfDrop": 1300
    },
    "item_very-fine-hat.json": {
      "ChancesOfDrop": 1450
    },
    "item_rough-slippers.json": {
      "ChancesOfDrop": 1300
    },
    "item_strong-guards-helm.json": {
      "ChancesOfDrop": 200
    },
    "item_stubborn-iron-ring.json": {
      "ChancesOfDrop": 1300
    },
    "item_dexterous-commoners-band.json": {
      "ChancesOfDrop": 100
    },
    "skill-second-wind.json": {
      "ChancesOfDrop": 20
    },
    "skill-rending-blow.json": {
      "ChancesOfDrop": 20
    },
    "skill-run-like-the-wind.json": {
      "ChancesOfDrop": 20
    }
  },
  "Name": "Mighty Stag",
  "MonsterSlug": "mighty-stag",
  "Description": "A mighty stag stands before you, and you feel the absurd urge to kneel before such a princely animal.",
  "MonsterItems": [
    "Majestic Antlers"
  ],
  "AppearChance": 1500,
  "DieDamage": [
    {
      "Sides": 6
    }
  ],
  "LocationTile": 1,
  "SpecialAbility": {
    "Id": 4,
    "SoundSlug": "majesty",
    "Name": "Majesty",
    "Description": "Increases the difficulty to hit the Monster by 25% for 3 rounds.",
    "CanUseSpecialAbilityMoreThanOnce": false,
    "Affects": [
      {
        "AffectType": "Monster",
        "StatName": "Q3_DifficultyToHit",
        "FriendlyStatName": "Difficulty to Hit",
        "Description": "Increases the difficulty to hit the Monster by 25%",
        "AffectAmount": 2500,
        "Duration": 3
      }
    ]
  }
}