﻿{
  "MaxHitPoints": {
    "lower": 28,
    "upper": 36
  },
  "ChanceToHit": {
    "lower": 300,
    "upper": 400
  },
  "ChanceToDodge": {
    "lower": 100,
    "upper": 300
  },
  "DifficultyToHit": {
    "lower": 1500,
    "upper": 3100
  },
  "CritChance": {
    "lower": 800,
    "upper": 1000
  },
  "ParryChance": {
    "lower": 400,
    "upper": 600
  },
  "Charisma": {
    "lower": 10,
    "upper": 15
  },
  "Quickness": {
    "lower": 1,
    "upper": 5
  },
  "Level": {
    "lower": 4,
    "upper": 5
  },
  "Power": {
    "lower": 1,
    "upper": 1
  },
  "ArmorMitigation": {
    "lower": 1000,
    "upper": 1300
  },
  "ArmorMitigationAmount": {
    "lower": 2,
    "upper": 2
  },
  "BonusDamage": {
    "lower": 2,
    "upper": 4
  },
  "ChanceOfUsingSpecialAbility": {
    "lower": 1000,
    "upper": 2000
  },
  "LootItemsTemplates": {
    "item_goblin-dagger.json": {
      "ChancesOfDrop": 1500
    },
    "item_guards-helm.json": {
      "ChancesOfDrop": 1500
    },
    "item_used-steel-toes.json": {
      "ChancesOfDrop": 1500
    },
    "item_sagacious-rough-slippers.json": {
      "ChancesOfDrop": 100
    },
    "item_discarded-wedding-loop.json": {
      "ChancesOfDrop": 1500
    },
    "item_horizons-wild-prairie-coat.json": {
      "ChancesOfDrop": 100
    },
    "skill-mental-knit.json": {
      "ChancesOfDrop": 20
    },
    "skill-force-shield.json": {
      "ChancesOfDrop": 20
    },
    "skill-magic-missile.json": {
      "ChancesOfDrop": 20
    }
  },
  "Name": "Bridge Troll",
  "MonsterSlug": "bridge-troll",
  "Description": "You're crossing a small bridge when it collapses underneath you. After a rough landing, you gaze up at an impossibly large, rocky visage, peerless in its hideousness. Let me pose you a riddle, it slurs out. How does it know your language?",
  "MonsterItems": [
    "Massive Hands"
  ],
  "AppearChance": 1000,
  "DieDamage": [
    {
      "Sides": 8
    }
  ],
  "LocationTile": 1,
  "SpecialAbility": {
    "Id": 6,
    "SoundSlug": "riddling-offense",
    "Name": "Riddling Offense",
    "Description": "Reduces Player Parry and Dodge by 5% for 2 rounds.",
    "CanUseSpecialAbilityMoreThanOnce": false,
    "Affects": [
      {
        "AffectType": "Hero",
        "StatName": "Q4_ChanceToDodge",
        "FriendlyStatName": "Dodge",
        "Description": "Reduces Dodge by 5% for 2 rounds.",
        "AffectAmount": -500,
        "Duration": 2
      },
      {
        "AffectType": "Hero",
        "StatName": "Q5_Parry",
        "FriendlyStatName": "Parry",
        "Description": "Reduces Parry by 5% for 2 rounds.",
        "AffectAmount": -500,
        "Duration": 2
      }
    ]
  }
}